Job ID,Job URL,Job Title,Company Name,Status,Timestamp,WP ID
c471c47f5fd2cfd1,https://fm.linkedin.com/jobs/view/channel-marketing-coordinator-%E2%80%93-partner-engagement-activation-at-8x8-4411785287,Channel Marketing Coordinator – Partner Engagement & Activation,8x8,posted,2026-07-07T00:21:58.298578,19
2677985a0eaa50b3,https://fm.linkedin.com/jobs/view/customer-service-representative-part-time-chuuk-at-united-airlines-4438193566,"Customer Service Representative - Part Time, Chuuk",United Airlines,posted,2026-07-08T15:55:30.442140,31
a1e06956115a7e70,https://fm.linkedin.com/jobs/view/conservation-coordinator-kosrae-at-the-nature-conservancy-4429398551,"Conservation Coordinator, Kosrae",The Nature Conservancy,posted,2026-07-10T11:25:51.411178,33
a9af05b92be2dce6,https://fm.linkedin.com/jobs/view/customer-service-representative-part-time-kosrae-at-united-airlines-4439054004,"Customer Service Representative - Part Time, Kosrae",United Airlines,posted,2026-07-10T18:18:26.425935,35
7b814fecca82a368,https://fm.linkedin.com/jobs/view/project-associate-at-vacancies-at-iom-indonesia-4440008312,Project Associate,Vacancies at IOM Indonesia,posted,2026-07-13T12:44:12.955106,37
3bb2aed209bae820,https://fm.linkedin.com/jobs/view/reporting-officer-p-at-iom-un-migration-4441445131,Reporting Officer (P),IOM - UN Migration,posted,2026-07-20T12:26:26.548282,39
bc23c53f4e57fb41,https://fm.linkedin.com/jobs/view/monitoring-and-evaluation-officer-reconstruction-p-at-iom-un-migration-4441426766,Monitoring and Evaluation Officer - Reconstruction (P),IOM - UN Migration,posted,2026-07-20T12:26:41.884543,41
0b43476725feb96d,https://fm.linkedin.com/jobs/view/chief-of-party-p-at-iom-un-migration-4441438323,Chief of Party (P),IOM - UN Migration,posted,2026-07-20T12:26:54.242992,43
a1f1a5ffdf9d8be0,https://fm.linkedin.com/jobs/view/programme-officer-construction-p-at-iom-un-migration-4441445132,Programme Officer - Construction (P),IOM - UN Migration,posted,2026-07-20T12:27:07.418966,45
e7596d0910b38e9c,https://fm.linkedin.com/jobs/view/staff-counsellor-p-at-iom-un-migration-4440937644,Staff Counsellor (P),IOM - UN Migration,posted,2026-07-20T12:27:19.419979,47
6dd33b9cea915e2e,https://fm.linkedin.com/jobs/view/program-engineer-p-at-iom-un-migration-4441438322,Program Engineer (P),IOM - UN Migration,posted,2026-07-20T12:27:31.192327,49
b47e82b866bfb0ae,https://fm.linkedin.com/jobs/view/chuukese-interpreter-at-one-world-global-services-llc-4445278712,Chuukese Interpreter,One World Global Services LLC,posted,2026-07-27T13:44:34.074877,51
ccf3bcf4f7b976f5,https://fm.linkedin.com/jobs/view/project-associate-at-iom-un-migration-4443321590,Project Associate,IOM - UN Migration,posted,2026-07-27T13:44:42.742631,37
44480d3eaad8f1b9,https://fm.linkedin.com/jobs/view/communications-officer-p-at-iom-un-migration-4447263941,Communications Officer (P),IOM - UN Migration,posted,2026-08-03T13:48:51.272695,53
47361d8b9f498009,https://fm.linkedin.com/jobs/view/resident-engineer-at-smec-an-sj-group-company-4447645592,Resident Engineer,SMEC (an SJ Group company),posted,2026-08-03T13:49:04.355305,55
9f9b803b4a9d2490,https://fm.linkedin.com/jobs/view/field-security-associate-two-positions-at-iom-un-migration-4447864616,Field Security Associate (two positions),IOM - UN Migration,posted,2026-08-03T13:49:16.625353,57
c2b3fc983b53678a,https://fm.linkedin.com/jobs/view/project-scheduler-consultant-at-gppc-inc-4448729220,Project Scheduler Consultant,GPPC INC.,posted,2026-08-10T09:00:41.124910,59
e3c4f94f6876ba7c,https://fm.linkedin.com/jobs/view/environmental-compliance-specialist-consultant-type-b-at-iom-un-migration-4451393970,"Environmental Compliance Specialist Consultant, Type B",IOM - UN Migration,posted,2026-08-10T09:00:54.506368,61
2123195a6ae30c52,https://fm.linkedin.com/jobs/view/freelance-at-firstsource-4452385105,Freelance,,scraped,2026-08-17T04:26:35.962615,
81c0cbdf6ff05028,https://fm.linkedin.com/jobs/view/english-chuukese-interpreters-at-contactlink-solutions-llc-4450101149,English - Chuukese Interpreters,ContactLink Solutions LLC,posted,2026-08-17T04:26:49.347787,63
5acb317c7d3d3116,https://fm.linkedin.com/jobs/view/expedited-vn-cbi-voucher-start-up-officer-p-at-iom-un-migration-4455579924,Expedited VN : CBI Voucher Start-up Officer (P),IOM - UN Migration,posted,2026-08-24T04:30:33.626529,65
05a57bd41faac6ec,https://fm.linkedin.com/jobs/view/expedited-svn-geographic-area-officer-p-at-iom-un-migration-4455557639,Expedited SVN : Geographic Area Officer (P),IOM - UN Migration,posted,2026-08-24T04:31:06.271166,67
8eead624c20546be,https://fm.linkedin.com/jobs/view/ports-and-shipping-specialist-at-ntu-international-a-s-4455585450,Ports and Shipping Specialist,,scraped,2026-08-24T04:31:08.628940,
d37e00b6074daf77,https://fm.linkedin.com/jobs/view/railways-specialist-at-ntu-international-a-s-4457300453,Railways Specialist,,scraped,2026-08-24T04:31:15.760457,
6ccb9b1d2853f916,https://fm.linkedin.com/jobs/view/customer-service-representative-part-time-kosrae-at-united-airlines-4457094011,"Customer Service Representative - Part Time, Kosrae",United Airlines,posted,2026-08-24T04:31:24.839056,35
c9df7648e28754d6,https://fm.linkedin.com/jobs/view/field-engineers-at-iom-un-migration-4456480093,Field Engineers,IOM - UN Migration,posted,2026-08-24T04:31:47.241706,69
758825af1331e00a,https://fm.linkedin.com/jobs/view/expedited-vn-information-management-officer-p-at-iom-un-migration-4455578974,Expedited VN : Information Management Officer (P),IOM - UN Migration,posted,2026-08-24T04:32:34.478305,71
26f86ca656ea9824,https://fm.linkedin.com/jobs/view/field-engineer-electrical-at-iom-un-migration-4456466978,Field Engineer (Electrical),IOM - UN Migration,posted,2026-08-24T04:32:56.621092,73
cc5a8adae960d285,https://fm.linkedin.com/jobs/view/railways-specialist-at-ntu-international-a-s-4457084679,Railways Specialist,,scraped,2026-08-24T04:32:58.927806,
d675933bf111a532,https://fm.linkedin.com/jobs/view/expedited-vn-procurement-and-logistics-officer-p-at-iom-un-migration-4459659741,Expedited VN : Procurement and Logistics Officer (P),IOM - UN Migration,posted,2026-08-31T10:07:02.688031,75
2044b84876e68420,https://fm.linkedin.com/jobs/view/transport-experts-at-ntu-international-a-s-4461071128,Transport Experts,,scraped,2026-08-31T10:07:05.011260,
3fc44832a0e93dfd,https://fm.linkedin.com/jobs/view/resources-management-officer-p-call-for-expression-of-interest-at-iom-un-migration-4459189810,Resources Management Officer (P) - Call for Expression of Interest,IOM - UN Migration,posted,2026-08-31T10:07:21.283566,77
3d1885b0918d4bcd,https://fm.linkedin.com/jobs/view/aviation-specialist-at-ntu-international-a-s-4458771612,Aviation Specialist,,scraped,2026-08-31T10:07:23.635277,
7ab22d685d6e7682,https://fm.linkedin.com/jobs/view/small-grants-program-manager-at-micronesia-conservation-trust-4459765000,Small Grants Program Manager,Micronesia Conservation Trust,posted,2026-08-31T10:07:37.836423,79
437acc81cea35a4a,https://fm.linkedin.com/jobs/view/construction-project-manager-4460211191,Construction Project Manager,7D Construction,posted,2026-09-07T08:39:16.643220,81
19b4111f1ac46c5a,https://fm.linkedin.com/jobs/view/channel-partner-at-kb-storsmart-4464708410,Channel Partner,,scraped,2026-09-14T09:16:35.883740,
a2cf52edb0f52e00,https://fm.linkedin.com/jobs/view/digitalization-expert-at-ntu-international-a-s-4466786323,Digitalization Expert,,scraped,2026-09-14T09:16:43.155705,
bd16535c044d9e7b,https://fm.linkedin.com/jobs/view/renewable-energy-expert-at-ntu-international-a-s-4466320551,Renewable Energy Expert,,scraped,2026-09-14T09:16:50.332367,
abb85a5136c6e137,https://fm.linkedin.com/jobs/view/construction-project-manager-4463222053,Construction Project Manager,7D Construction,posted,2026-09-14T09:16:59.038802,81
1099a02af5f03bd4,https://fm.linkedin.com/jobs/view/public-finance-management-expert-at-ntu-international-a-s-4467029651,Public Finance Management Expert,,scraped,2026-09-14T09:17:01.406640,
17cdbc640f359ea1,https://fm.linkedin.com/jobs/view/forestry-climate-change-biodiversity-at-ntu-international-a-s-4466072977,"Forestry, Climate Change & Biodiversity",,scraped,2026-09-14T09:17:08.467795,
e36af0df093117a7,https://fm.linkedin.com/jobs/view/water-sanitation-hygiene-wash-expert-at-ntu-international-a-s-4466789509,"Water, Sanitation & Hygiene (WASH) Expert",,scraped,2026-09-14T09:17:15.366488,
8f4ba898aa2bfadf,https://fm.linkedin.com/jobs/view/transport-expert-at-ntu-international-a-s-4466785137,Transport Expert,,scraped,2026-09-14T09:17:22.102805,
045d4b90fb8f298c,https://fm.linkedin.com/jobs/view/urban-development-experts-at-ntu-international-a-s-4464330116,Urban Development Experts,,scraped,2026-09-14T09:17:28.870402,
da17c40c4e37c3a1,https://fm.linkedin.com/jobs/view/gender-human-rights-civil-society-at-ntu-international-a-s-4467003137,"Gender, Human Rights & Civil Society",,scraped,2026-09-14T09:17:35.669963,
edb67464641a8ec2,https://fm.linkedin.com/jobs/view/chuukese-to-english-interpreter-remote-paid-training-no-experience-required-at-nexols-4465545818,Chuukese to English Interpreter (Remote | Paid Training | No Experience Required),Nexols,posted,2026-09-21T09:19:02.341492,83
8868cafeb05fea0c,https://fm.linkedin.com/jobs/view/chuukese-opi-vri-interpreter-remote-at-future-group-language-solutions-4468223401,Chuukese OPI/VRI Interpreter - Remote,Future Group Language Solutions,posted,2026-09-21T09:19:14.300261,85
cf662f3fe2db217e,https://fm.linkedin.com/jobs/view/conservation-and-fisheries-coordinator-kosrae-at-the-nature-conservancy-4468010750,"Conservation and Fisheries Coordinator, Kosrae",The Nature Conservancy,posted,2026-09-21T09:19:21.672126,87
bddf2daf7437de5d,https://fm.linkedin.com/jobs/view/sustainable-infrastructure-development-expert-at-ntu-international-a-s-4467250956,Sustainable Infrastructure Development Expert,,scraped,2026-09-21T09:19:24.099072,
8e795926b8945a10,https://fm.linkedin.com/jobs/view/trade-business-climate-at-ntu-international-a-s-4467051845,Trade & Business Climate,,scraped,2026-09-21T09:19:31.157023,
9edcf0cdb50185ee,https://fm.linkedin.com/jobs/view/rule-of-law-expert-at-ntu-international-a-s-4467097550,Rule of Law Expert,,scraped,2026-09-21T09:19:38.180556,
9bf5341dae4326f6,https://fm.linkedin.com/jobs/view/chuukese-to-english-interpreter-at-medilinkers-llc-4469360619,Chuukese to English Interpreter,Medilinkers LLC,posted,2026-09-28T19:36:53.618404,88
1733fc8d209fd16b,https://fm.linkedin.com/jobs/view/english-chuukese-translator-at-big-language-solutions-4471924831,English - Chuukese Translator,BIG Language Solutions,failed|wp_post_failed,2026-10-01T18:23:15.010453,
7db1b2ba07799fb0,https://fm.linkedin.com/jobs/view/customer-service-representative-part-time-pohnpei-at-united-airlines-4473230321,"Customer Service Representative - Part Time, Pohnpei",United Airlines,failed|wp_post_failed,2026-10-01T18:23:28.367213,
a4ccc41265c348d5,https://fm.linkedin.com/jobs/view/ramp-service-employee-part-time-pohnpei-at-united-airlines-4473221868,"Ramp Service Employee - Part Time, Pohnpei",United Airlines,failed|wp_post_failed,2026-10-01T18:23:41.955106,
cb1c8153554451db,https://fm.linkedin.com/jobs/view/chief-financial-officer-4471973592,Chief Financial Officer,Bank of FSM,posted,2026-10-08T18:48:02.648067,90
9a409fe37e80dfc5,https://fm.linkedin.com/jobs/view/deputy-chief-executive-officer-4475169661,Deputy Chief Executive Officer,Bank of FSM,posted,2026-10-08T18:48:10.865993,92
